uniprot,chain,mutation,predicted_ddg
1D5R,A,R1A,0.7225384712219238
1D5R,A,R1P,1.2475709915161133
1D5R,A,R1S,1.1818891763687134
